ID alfabeta,ID pharol,Precio actual,Precio anterior
618, 508983, 1143.34, 1119.52 
619, 509015, 1979.59, 1938.34 
1402, 506932, 2206.60, 2150.68 
1537, 506945, 1868.64, 1814.21 
2695, 506679, 2906.70, 2846.13 
2951, 513994, 2201.14, 2155.28 
2952, 513993, 2217.37, 2171.17 
3113, 506792, 1412.96, 1383.52 
3524, 510132, 1549.56, 1504.42 
3525, 510133, 1549.56, 1504.42 
3531, 510135, 1365.57, 1264.42 
3539, 510140, 1164.68, 1130.76 
3542, 510141, 728.75, 707.51 
3994, 506933, 3696.33, 3602.66 
4204, 506936, 790.21, 770.19 
4214, 506934, 938.40, 914.62 
4370, 506789, 2965.18, 2903.4 
4532, 506686, 3123.26, 3058.18 
4537, 506677, 2547.10, 2494.03 
4545, 506687, 6729.81, 6589.58 
4913, 506917, 1826.40, 1780.12 
4914, 506918, 2548.86, 2484.27 
4915, 506919, 2878.70, 2805.75 
4937, 506927, 1435.28, 1398.91 
4938, 506928, 1266.99, 1234.88 
4949, 506930, 1971.41, 1921.45 
4950, 506931, 2881.09, 2808.08 
4954, 506935, 469.34, 457.45 
4959, 507072, 1319.33, 1285.9 
4963, 506940, 1103.56, 1075.59 
4965, 506942, 1884.05, 1836.31 
4981, 506946, 3323.60, 3226.8 
4983, 506947, 998.80, 969.71 
5808, 506949, 1647.17, 1599.19 
6269, 506688, 2001.78, 1960.07 
6285, 506689, 3882.29, 3801.4 
6300, 506690, 1704.59, 1669.07 
7035, 506925, 2705.60, 2626.8 
7072, 506926, 2964.01, 2877.68 
7577, 506669, 2706.13, 2649.74 
7578, 506626, 6406.17, 6272.69 
7592, 506673, 3268.75, 3200.64 
7596, 506674, 1503.23, 1471.91 
7598, 506672, 1599.07, 1565.75 
7600, 506675, 1177.69, 1153.15 
7603, 506678, 1977.01, 1935.82 
7638, 506683, 2541.64, 2488.68 
7639, 506684, 6271.54, 6140.86 
7660, 506691, 1549.94, 1517.64 
7662, 506692, 1217.98, 1192.6 
7663, 506681, 1187.68, 1162.93 
7664, 506680, 1002.48, 981.59 
7665, 506682, 1461.16, 1430.71 
7701, 506695, 1947.66, 1907.08 
7702, 506696, 7330.31, 7177.57 
7726, 506693, 1345.59, 1317.55 
7799, 506685, 1740.39, 1704.13 
7801, 506676, 3081.07, 3016.87 
7804, 506640, 1585.53, 1552.49 
7805, 506641, 3006.66, 2944.01 
7888, 506666, 1341.46, 1313.51 
7899, 506670, 1553.26, 1520.9 
7903, 506618, 1679.14, 1644.15 
7904, 506617, 2085.63, 2042.17 
7930, 506698, 1035.81, 1014.23 
8142, 506830, 2340.51, 2291.74 
8143, 506832, 4974.12, 4870.48 
8144, 506831, 2579.67, 2525.92 
9109, 506787, 1503.08, 1471.76 
9110, 506788, 2857.76, 2798.21 
9508, 506611, 2737.76, 2680.71 
10234, 514001, 3203.61, 3136.86 
10765, 506950, 3186.78, 3093.96 
11051, 506920, 1334.12, 1300.31 
11052, 506921, 2658.41, 2591.04 
11053, 506922, 4902.96, 4778.71 
11532, 506951, 2841.70, 2758.93 
12127, 506948, 1799.54, 1747.13 
12605, 506694, 6055.06, 5928.89 
12654, 506938, 2516.30, 2443.01 
13429, 510187, 1722.96, 1566.33 
13430, 510165, 714.94, 694.12 
13625, 506699, 1202.71, 1177.65 
13626, 506697, 2172.34, 2127.08 
14154, 510178, 502.60, 487.97 
14155, 510179, 873.44, 848 
14157, 510143, 1601.79, 1555.14 
14158, 510168, 1148.40, 1114.95 
14412, 506701, 3057.84, 2994.12 
14413, 506702, 5829.58, 5708.11 
14451, 507123, 2903.82, 2830.23 
14955, 506710, 3014.51, 2951.7 
14979, 506833, 1148.25, 1124.32 
14981, 506834, 1395.90, 1366.81 
15373, 506705, 1462.70, 1432.22 
15375, 506706, 4150.88, 4064.39 
15586, 510180, 1316.24, 1277.9 
15587, 510181, 925.58, 898.62 
15588, 510182, 1385.84, 1345.47 
15871, 506704, 1317.96, 1290.5 
15964, 507059, 1235.24, 1203.94 
15969, 506700, 2001.55, 1959.84 
15987, 506703, 4259.58, 4170.82 
16283, 507029, 1348.85, 1314.67 
16284, 507030, 2496.09, 2432.84 
16681, 506627, 4983.82, 4879.97 
17091, 506651, 3392.60, 3321.91 
17126, 506952, 4289.60, 4180.9 
17127, 506953, 8085.41, 7880.52 
17753, 506612, 1864.51, 1825.66 
17754, 506613, 3714.08, 3636.69 
17756, 506614, 3382.18, 3311.71 
18174, 507110, 2167.48, 2104.35 
18175, 507111, 4078.87, 3960.07 
18589, 507031, 4103.85, 3999.85 
18995, 507073, 742.11, 723.3 
18996, 507119, 831.12, 806.91 
18997, 507120, 1567.35, 1521.7 
20561, 507020, 2515.13, 2451.39 
20636, 509016, 1216.31, 1190.97 
20637, 509017, 1987.05, 1945.65 
21044, 506574, 5447.69, 5334.18 
21045, 506708, 2267.82, 2220.57 
21179, 506709, 1546.44, 1514.22 
21180, 506707, 1309.13, 1281.85 
21227, 507062, 1770.42, 1718.85 
21977, 506714, 934.87, 915.39 
21978, 506712, 1139.38, 1115.64 
22070, 507063, 2803.76, 2722.1 
22094, 506711, 727.13, 711.98 
22200, 506837, 2699.57, 2643.32 
22282, 506713, 2344.31, 2295.46 
22548, 506990, 4855.43, 4732.39 
22619, 507000, 4350.80, 4240.55 
22806, 506715, 1798.82, 1761.34 
23172, 506969, 2082.38, 2029.61 
23173, 506970, 5762.36, 5616.34 
23948, 506589, 6345.73, 6213.51 
24034, 506971, 3392.20, 3306.24 
24035, 506972, 5478.00, 5339.18 
24299, 506718, 902.77, 883.96 
24394, 507066, 2449.93, 2378.57 
24395, 507067, 3231.30, 3137.18 
24696, 506717, 5780.27, 5659.83 
25029, 500393, 1524.67, 1492.9 
25416, 506719, 3017.21, 2954.34 
25417, 506720, 3830.89, 3751.07 
26739, 507049, 1739.86, 1695.77 
26740, 507050, 3463.91, 3376.13 
27096, 506835, 10627.34, 10405.9 
27120, 507053, 4959.41, 4814.96 
27121, 507054, 8333.52, 8090.8 
28091, 506724, 1731.94, 1695.85 
28092, 506722, 2303.57, 2255.57 
28093, 506721, 2106.21, 2062.32 
28094, 506723, 803.10, 786.37 
28138, 506968, 2166.77, 2111.86 
28602, 506590, 8343.89, 8170.03 
28757, 506607, 3390.34, 3319.7 
28758, 506608, 4637.63, 4541 
28927, 506725, 3990.15, 3907.01 
29693, 506812, 1724.71, 1688.77 
29715, 506991, 1826.38, 1780.1 
29716, 507051, 8992.90, 8730.97 
29717, 507052, 15334.58, 14887.94 
29741, 506726, 1645.68, 1611.39 
29983, 514123, 2409.81, 2295.06 
30804, 507127, 2006.35, 1955.51 
30805, 507064, 3407.95, 3308.69 
30806, 507065, 6144.91, 5965.93 
30999, 506728, 1364.28, 1335.85 
31000, 506729, 2287.85, 2240.18 
31001, 506730, 3541.93, 3468.13 
31002, 506731, 2544.57, 2491.55 
31003, 506732, 2792.09, 2733.91 
31004, 506743, 5208.05, 5099.53 
31513, 507130, 756.86, 737.68 
31515, 507132, 1099.85, 1071.98 
31676, 506746, 3455.81, 3383.8 
31697, 507131, 754.90, 735.77 
31843, 506838, 4970.08, 4866.52 
31903, 507133, 4557.79, 4425.04 
31950, 506750, 6596.01, 6458.57 
31951, 506751, 11636.98, 11394.5 
31952, 506748, 3924.20, 3842.43 
31953, 506749, 6768.56, 6627.53 
31954, 506752, 2803.11, 2744.7 
32037, 506727, 2187.75, 2142.16 
32054, 506747, 3666.05, 3589.66 
32116, 506744, 5349.73, 5238.26 
32117, 506745, 8856.47, 8671.93 
32118, 506753, 3369.10, 3298.9 
32338, 506754, 5414.71, 5301.89 
32595, 507009, 8950.41, 8689.72 
32596, 507010, 43588.98, 42319.4 
32598, 507011, 63701.25, 61845.87 
32599, 507012, 86089.47, 83582.01 
32657, 506755, 6422.65, 6288.82 
32665, 506737, 638.38, 625.08 
32666, 506738, 1857.90, 1819.19 
32684, 506740, 2971.84, 2909.92 
32730, 507128, 1498.02, 1460.06 
32731, 507129, 2541.96, 2477.54 
32732, 507136, 1387.75, 1352.58 
32833, 506760, 1168.70, 1144.35 
32834, 506761, 2065.03, 2022 
32835, 506759, 2003.86, 1962.11 
32838, 506758, 2944.21, 2882.86 
32886, 506757, 5288.25, 5178.06 
32888, 506762, 7446.86, 7291.69 
32889, 506756, 4650.92, 4554.01 
33157, 507137, 4510.22, 4395.93 
33330, 506739, 2415.08, 2364.76 
33431, 510418, 2092.18, 1901.98 
33485, 510157, 1298.16, 1260.35 
33486, 510158, 1766.78, 1715.32 
33487, 510155, 849.41, 824.66 
33488, 510156, 1605.75, 1558.97 
33721, 507142, 1888.70, 1840.84 
33722, 507143, 3263.93, 3181.22 
33723, 507146, 2799.58, 2718.04 
33883, 507144, 4007.66, 3890.93 
33884, 507145, 7197.13, 6987.5 
33938, 506763, 5456.50, 5342.8 
33955, 506765, 3338.74, 3269.17 
34137, 507138, 2276.08, 2209.79 
34138, 507139, 4575.24, 4441.98 
34282, 506764, 1560.05, 1527.54 
34447, 507135, 2756.60, 2686.74 
34448, 507149, 3089.26, 3010.97 
34452, 507147, 1591.70, 1551.36 
34487, 506771, 1237.87, 1212.08 
34503, 506766, 4166.13, 4079.32 
34713, 506772, 1131.33, 1107.76 
34915, 507148, 1527.31, 1482.83 
34955, 506733, 638.88, 625.57 
34956, 506767, 1276.47, 1249.87 
34957, 506734, 1091.53, 1068.79 
34958, 506768, 2059.58, 2016.67 
34959, 506735, 1852.27, 1813.67 
34960, 506769, 3546.94, 3473.03 
34961, 506736, 2317.69, 2269.4 
34962, 506770, 4462.10, 4369.12 
35035, 507150, 1367.32, 1332.67 
35084, 506924, 1436.39, 1394.55 
35085, 507017, 1566.75, 1521.12 
35119, 506777, 6487.94, 6352.75 
35254, 506778, 2105.20, 2061.33 
35255, 506779, 4074.27, 3989.38 
35608, 506773, 2991.26, 2928.93 
35609, 506774, 5188.05, 5079.95 
35669, 510186, 1722.96, 1566.33 
35747, 506781, 636.85, 623.58 
35748, 506780, 917.75, 898.63 
35806, 529590, 0.00, 0 
35835, 510420, 2291.94, 2083.58 
35896, 506783, 4484.95, 4391.5 
35962, 507140, 2862.48, 2779.11 
35963, 507141, 5832.59, 5662.71 
36204, 507154, 3173.68, 3093.26 
36205, 507151, 1615.20, 1568.16 
36206, 507152, 2045.96, 1986.37 
36207, 507153, 2593.56, 2518.02 
36637, 506786, 4595.07, 4499.32 
36681, 506785, 2012.84, 1970.9 
36682, 506784, 1182.44, 1157.8 
36780, 506741, 1510.46, 1478.99 
36781, 506742, 3446.94, 3375.12 
36795, 506782, 4465.69, 4372.64 
36796, 506775, 5184.72, 5076.69 
36797, 506776, 6787.86, 6646.42 
36905, 507158, 3337.60, 3272.16 
36906, 507157, 6326.94, 6202.88 
36907, 507159, 981.14, 961.9 
37230, 509023, 3668.26, 3591.83 
37913, 507168, 1044.95, 1018.47 
37914, 507169, 2046.41, 1994.55 
37915, 507170, 1616.88, 1575.91 
38013, 506790, 4304.47, 4214.78 
38097, 510190, 2697.28, 2593.54 
38098, 510191, 1154.93, 1110.51 
38100, 510189, 2152.72, 2069.92 
38106, 506796, 6697.32, 6557.77 
38107, 506797, 9688.27, 9486.4 
38108, 506798, 10969.73, 10741.16 
38110, 522173, 0.00, 0 
38214, 514124, 3462.89, 3297.99 
38322, 506795, 2219.19, 2172.95 
38323, 506794, 2219.19, 2172.95 
38324, 506799, 2173.13, 2127.85 
38445, 507160, 2686.22, 2618.15 
38446, 507171, 7716.58, 7521.03 
38447, 507161, 12464.35, 12148.49 
38448, 507162, 16313.40, 15900 
38794, 507134, 5330.51, 5175.25 
38797, 507172, 820.39, 799.6 
38798, 507173, 3043.31, 2966.19 
38813, 506800, 2939.61, 2878.36 
38814, 506801, 3708.96, 3631.68 
38900, 506813, 4579.48, 4484.06 
39046, 506807, 4840.87, 4740 
39067, 514576, 205349.68, 190668.23 
39112, 506814, 1125.13, 1101.69 
39267, 506836, 10210.83, 9998.07 
39624, 506802, 2111.64, 2067.64 
39727, 507178, 2062.34, 2002.27 
39729, 507179, 2135.83, 2073.62 
39731, 507180, 2208.56, 2144.23 
39734, 507174, 3725.90, 3631.48 
39736, 507175, 4532.15, 4417.3 
39737, 507176, 4754.20, 4633.72 
39738, 507163, 973.74, 945.38 
39739, 507164, 1907.56, 1852 
39740, 507165, 1849.17, 1795.31 
39741, 507166, 3393.94, 3295.09 
39742, 507167, 2509.60, 2436.5 
39896, 506808, 3394.14, 3323.42 
39897, 506809, 6789.59, 6648.12 
39898, 506810, 10747.31, 10523.37 
39899, 506811, 14042.03, 13749.44 
40444, 510197, 1293.55, 1255.87 
40445, 510196, 681.22, 661.37 
40470, 506816, 1875.48, 1836.4 
40471, 506817, 2226.08, 2179.7 
40480, 507185, 1935.97, 1879.58 
40482, 507155, 3849.30, 3751.75 
40483, 507156, 7076.24, 6937.49 
40484, 507184, 1836.16, 1789.63 
40647, 506818, 2311.21, 2263.05 
40649, 506819, 4077.24, 3992.28 
40932, 510194, 1500.07, 1388.95 
40933, 510195, 1658.46, 1535.61 
41027, 514003, 5170.87, 5063.13 
41029, 514005, 6556.14, 6419.53 
41278, 509040, 2247.53, 2200.7 
41546, 506820, 2823.97, 2765.13 
41547, 506821, 3198.93, 3132.27 
41548, 506822, 2296.14, 2248.3 
41549, 506823, 4501.37, 4407.58 
41550, 506824, 1390.15, 1361.18 
41793, 507177, 1516.60, 1478.17 
42057, 510426, 2512.53, 2284.12 
42294, 506825, 1788.39, 1751.13 
42296, 506826, 2449.93, 2398.88 
42566, 510201, 1550.90, 1505.73 
42574, 507186, 2274.34, 2208.1 
42582, 510204, 1734.11, 1683.59 
42619, 507187, 5616.42, 5474.09 
42620, 507188, 10509.03, 10242.72 
42645, 514011, 5346.70, 5235.29 
42646, 514012, 6028.57, 5902.95 
42679, 522199, 0.00, 0 
43053, 506578, 5903.16, 5780.16 
43204, 506576, 3164.53, 3098.59 
43238, 507191, 1943.35, 1886.75 
43239, 507192, 3766.97, 3657.25 
43240, 507193, 2422.97, 2352.4 
43241, 507194, 4808.69, 4668.63 
43242, 507189, 2051.13, 1999.15 
43243, 507190, 3653.87, 3561.28 
43255, 510203, 1477.30, 1434.27 
43398, 506827, 3120.25, 3055.23 
43507, 510200, 1489.01, 1445.64 
43883, 507181, 6180.79, 6053.66 
43884, 507182, 6680.24, 6542.84 
43885, 507183, 6702.48, 6564.62 
44343, 506579, 4570.36, 4475.13 
44345, 506580, 8626.51, 8446.76 
44455, 510432, 5631.17, 5214.04 
44755, 506581, 2309.16, 2261.04 
44813, 506582, 7390.33, 7236.34 
44817, 506954, 2551.73, 2487.07 
44818, 506955, 2855.90, 2783.53 
44885, 506583, 2502.47, 2450.33 
44924, 510437, 4206.79, 3824.35 
44979, 514020, 2315.36, 2267.12 
45318, 514122, 3856.98, 3673.32 
45526, 506577, 3933.04, 3851.09 
45579, 523611, 7995.73, 7829.13 
45580, 523612, 13571.07, 13288.29 
45581, 523613, 16536.62, 16192.05 
45621, 506828, 5513.16, 5398.28 
45623, 506829, 7974.85, 7808.68 
45624, 506841, 2563.78, 2510.36 
45648, 506916, 5736.23, 5569.16 
45649, 506923, 7954.22, 7722.54 
45651, 506929, 7038.59, 6833.58 
45653, 506937, 7135.29, 6927.47 
45677, 510436, 5212.31, 4826.22 
45795, 510150, 2945.49, 2859.69 
45874, 506840, 3341.59, 3271.96 
45960, 506965, 109050.87, 106287.4 
46020, 506815, 3490.76, 3418.02 
46263, 526841, 2149.32, 1953.93 
46265, 510402, 2656.52, 2459.74 
46266, 510404, 2653.55, 2412.32 
46267, 510405, 1986.62, 1806.02 
46269, 510407, 6767.78, 6208.97 
46270, 510408, 13468.81, 12356.71 
46277, 510152, 2607.03, 2531.09 
46293, 506591, 4852.71, 4751.6 
46294, 506592, 8194.10, 8023.36 
46334, 506839, 1742.30, 1706 
46335, 506586, 2748.41, 2691.14 
46336, 506587, 2359.12, 2309.96 
46337, 506588, 4626.39, 4529.99 
46353, 506939, 2224.03, 2167.67 
46354, 506941, 3850.67, 3753.09 
46355, 507195, 8865.70, 8641.03 
46356, 506943, 4214.58, 4107.78 
46357, 506959, 3068.90, 2991.13 
46358, 506958, 2091.12, 2038.13 
46478, 506593, 1045.66, 1023.87 
46700, 506595, 3772.36, 3693.76 
46701, 506596, 4151.60, 4065.09 
46723, 506594, 3591.07, 3516.24 
46845, 514028, 8089.35, 7920.79 
46846, 514027, 8406.71, 8231.54 
46978, 510153, 1191.77, 1157.06 
47041, 506597, 1132.10, 1108.51 
47042, 506598, 1857.90, 1819.19 
47043, 506599, 1779.47, 1742.39 
47044, 506600, 3228.80, 3161.52 
47045, 506601, 1046.84, 1025.03 
47352, 506842, 1417.62, 1388.08 
47353, 506843, 5603.31, 5486.56 
47402, 510131, 2285.32, 2218.76 
47421, 510412, 484.00, 440 
47441, 506960, 5244.13, 5111.24 
47616, 510415, 411.00, 374 
47717, 522225, 0.00, 0 
47733, 506944, 4884.00, 4760.23 
47734, 506961, 6770.01, 6598.45 
48252, 506845, 7141.10, 6992.3 
48253, 506846, 5328.22, 5217.2 
48254, 506844, 10196.86, 9984.39 
48255, 506602, 8828.53, 8644.57 
48256, 506603, 8965.56, 8778.75 
48650, 506575, 3842.17, 3762.11 
48651, 506604, 8564.57, 8386.11 
48652, 506605, 2419.47, 2369.06 
48653, 506606, 4470.30, 4377.15 
48654, 506609, 2409.34, 2359.14 
48655, 506610, 11994.10, 11744.18 
48656, 506615, 7126.51, 6978.02 
48657, 506584, 2329.29, 2280.76 
48658, 506585, 9800.37, 9596.16 
48779, 507016, 4885.29, 4761.49 
48862, 506963, 3379.33, 3293.69 
48863, 506964, 7277.46, 7093.04 
48864, 507109, 2639.56, 2585.27 
48865, 507108, 5099.71, 4994.82 
48866, 507116, 2589.47, 2523.85 
48867, 507117, 4480.75, 4367.2 
48868, 507118, 2744.69, 2675.14 
48869, 507037, 820.39, 799.6 
49527, 508577, 14341.84, 13279.48 
49936, 506620, 3978.00, 3895.11 
49938, 514044, 7192.66, 7042.79 
49939, 514045, 6859.35, 6716.42 
49940, 514043, 6404.89, 6271.43 
49964, 506624, 4761.30, 4662.09 
49974, 506621, 8132.87, 7963.41 
49989, 510139, 1134.66, 1101.62 
50161, 528207, 5149.38, 4132.94 
50187, 507093, 6424.64, 6237.51 
50188, 507094, 6270.11, 6087.49 
50317, 506997, 4641.74, 4524.11 
50318, 507095, 8765.57, 8510.26 
50319, 507096, 9065.25, 8801.21 
50503, 506625, 3046.07, 2982.6 
50570, 507124, 2709.58, 2640.92 
50571, 507126, 1122.90, 1094.44 
50572, 514076, 2915.09, 2854.35 
50781, 507028, 2358.08, 2298.32 
50782, 507027, 12621.69, 12301.84 
50783, 507026, 6384.18, 6222.4 
50784, 507025, 14135.11, 13776.91 
50785, 507045, 1305.39, 1272.31 
50786, 507046, 1958.19, 1908.57 
50787, 507061, 1909.50, 1861.11 
50915, 507055, 3441.06, 3370.28 
50979, 507006, 1838.60, 1792.01 
50980, 507087, 6385.52, 6199.53 
50989, 514568, 9882.08, 9261.56 
50990, 514572, 44148.14, 41375.95 
50992, 506639, 2784.92, 2726.89 
50993, 506630, 2203.91, 2157.99 
50994, 506631, 5897.62, 5774.73 
50995, 506642, 11085.22, 10854.24 
50996, 506629, 7474.23, 7318.49 
50997, 506637, 1836.71, 1798.44 
50998, 506638, 5202.13, 5093.73 
51011, 510446, 2981.93, 2761.05 
51083, 523330, 15701.09, 15303.21 
51117, 506633, 4140.22, 4053.95 
51118, 506634, 8484.84, 8308.04 
51119, 506635, 5435.14, 5321.89 
51120, 506636, 10820.91, 10595.44 
51121, 506632, 1657.17, 1622.64 
51187, 507040, 9354.43, 9081.97 
51225, 506646, 20062.15, 19644.12 
51226, 506643, 2568.68, 2515.16 
51227, 506644, 4922.89, 4820.31 
51228, 506645, 9477.60, 9280.12 
51315, 506647, 1125.26, 1101.81 
51346, 507097, 9278.23, 9007.99 
51552, 506966, 4980.46, 4854.25 
51553, 506967, 7002.13, 6824.69 
51554, 507112, 6088.47, 5911.14 
51555, 507021, 3029.20, 2952.44 
51556, 507083, 2644.45, 2567.43 
51571, 507005, 4858.86, 4735.73 
51673, 506648, 11655.14, 11412.29 
51914, 507115, 1782.06, 1736.9 
52010, 510169, 904.22, 877.89 
52067, 506656, 5265.75, 5156.03 
52068, 506650, 1022.11, 1000.81 
52069, 506649, 1140.21, 1116.45 
52070, 506659, 2690.50, 2634.44 
52071, 506660, 5324.46, 5213.52 
52072, 506652, 1996.43, 1954.83 
52073, 506654, 1525.20, 1493.42 
52074, 506655, 7289.99, 7138.09 
52075, 506657, 2960.59, 2898.9 
52076, 506658, 4950.18, 4847.03 
52078, 506653, 1756.40, 1719.8 
52228, 514569, 2592333.62, 2457188.26 
52229, 514570, 2649515.53, 2511389.13 
52231, 500766, 1857526.31, 1760688.45 
52281, 507071, 3320.06, 3235.93 
52282, 507074, 1136.45, 1107.65 
52447, 507034, 3594.34, 3503.26 
52448, 506992, 3680.18, 3586.92 
52502, 500786, 1671969.74, 1584805.44 
52670, 510172, 1289.98, 1240.36 
52671, 510171, 1567.05, 1506.79 
52682, 506663, 6233.96, 6104.06 
52683, 506662, 3292.18, 3223.58 
52684, 506661, 1530.74, 1498.84 
52685, 506664, 5052.13, 4946.86 
52686, 506665, 5606.27, 5489.45 
52808, 514015, 10630.38, 10408.88 
52870, 514053, 7331.62, 7178.85 
52944, 507060, 3581.79, 3491.02 
52947, 506993, 1446.12, 1409.47 
52949, 506994, 5740.13, 5594.67 
53081, 500787, 417997.70, 396206.35 
53335, 506671, 835.16, 817.76 
53336, 506668, 1307.92, 1280.67 
53342, 510176, 1610.41, 1563.51 
53346, 506986, 2616.83, 2550.52 
53462, 515072, 1625337.61, 1540604.37 
53698, 507033, 16851.79, 16424.75 
53699, 507057, 7212.93, 7002.84 
53700, 507058, 8161.90, 7924.17 
54046, 506854, 2258.55, 2211.49 
54047, 506852, 6272.73, 6142.03 
54048, 506855, 3500.22, 3427.29 
54049, 506853, 3365.85, 3295.72 
54050, 506851, 8164.30, 7994.18 
54051, 506856, 2428.31, 2377.71 
54052, 506857, 4050.20, 3965.81 
54053, 506858, 6672.85, 6533.81 
54054, 506859, 12346.69, 12089.43 
54055, 506849, 3576.09, 3501.58 
54056, 506850, 8942.89, 8756.55 
54057, 506847, 5391.76, 5279.41 
54058, 506848, 14073.93, 13780.68 
54215, 507047, 5519.69, 5379.81 
54216, 507048, 14473.33, 14106.56 
54217, 507001, 2741.34, 2671.87 
54218, 507002, 4718.76, 4599.18 
54219, 507014, 6332.78, 6148.33 
54220, 507015, 10738.86, 10426.08 
54221, 507003, 2551.66, 2487 
54234, 514723, 106129.38, 98541.67 
54341, 507024, 6617.97, 6450.26 
54596, 507088, 8753.61, 8498.65 
54597, 507089, 9068.60, 8804.47 
54598, 507098, 6918.52, 6717.01 
54599, 507099, 6984.95, 6781.5 
54633, 506973, 5248.69, 5115.68 
54803, 506861, 4351.09, 4260.43 
54804, 506862, 8528.95, 8351.23 
54871, 514067, 3750.20, 3672.06 
54872, 514068, 2344.54, 2295.69 
54944, 506863, 12614.30, 12351.46 
54945, 506864, 5043.90, 4938.8 
55083, 514633, 15923.89, 15093.73 
55136, 507113, 2200.05, 2144.3 
55137, 507114, 3704.94, 3611.05 
55169, 511586, 530982.43, 446954.91 
55199, 514125, 1825.32, 1738.4 
55387, 514575, 2346.96, 2179.17 
55388, 514574, 4734.93, 4396.4 
55418, 514583, 251001.83, 233490.07 
55454, 515073, 1530404.12, 1450620.02 
55538, 511587, 467117.56, 393196.6 
55605, 507013, 7678.05, 7454.42 
55713, 514072, 10731.65, 10508.04 
55886, 511590, 526309.55, 443021.51 
55970, 514578, 76239.66, 69308.78 
55983, 514581, 71569.79, 65063.45 
56147, 507032, 1238.81, 1207.42 
56314, 506868, 5920.37, 5797.01 
56315, 506867, 2478.39, 2426.75 
56318, 507004, 5753.26, 5607.47 
56379, 514580, 53264.55, 48422.31 
56380, 514582, 140544.74, 127767.95 
56494, 514577, 57163.53, 51966.84 
56495, 514579, 147322.03, 133929.12 
56668, 514145, 1157.09, 1101.99 
56680, 510223, 4037.18, 3919.6 
56820, 514077, 2268.43, 2221.16 
56909, 506869, 12967.16, 12696.97 
56910, 506870, 14360.53, 14061.3 
56968, 506871, 6480.32, 6345.29 
56991, 507007, 1681.55, 1638.94 
56992, 507008, 1995.34, 1944.78 
57089, 507068, 6448.75, 6316.11 
57090, 507069, 5030.60, 4927.13 
57091, 507070, 8323.99, 8152.78 
57096, 514591, 225184.44, 209084.9 
57098, 514592, 453903.85, 421452.05 
57102, 506874, 3536.46, 3462.77 
57103, 506872, 1812.95, 1775.17 
57104, 506873, 3282.34, 3213.95 
57105, 506875, 2136.47, 2091.95 
57180, 500656, 31194.41, 28964.17 
57181, 500655, 31194.41, 28964.17 
57233, 506974, 6839.04, 6665.73 
57234, 506975, 13134.44, 12801.6 
57235, 506976, 8650.74, 8431.52 
57236, 506977, 17210.55, 16774.42 
57237, 506978, 10507.45, 10241.18 
57238, 506979, 17663.55, 17215.94 
57263, 514062, 5170.87, 5063.13 
57264, 514063, 6556.14, 6419.53 
57584, 514593, 453246.31, 437919.14 
57761, 507018, 2193.12, 2137.54 
57762, 507019, 4146.74, 4041.66 
57907, 506982, 1984.17, 1933.89 
58209, 514590, 15398.58, 14297.66 
58210, 514594, 263856.28, 244991.91 
58231, 506881, 8057.39, 7889.5 
58244, 506876, 2556.43, 2503.16 
58245, 506877, 4922.89, 4820.31 
58246, 506878, 9477.60, 9280.12 
58247, 506879, 2518.42, 2465.94 
58248, 506880, 4697.26, 4599.38 
58338, 507041, 1669.55, 1627.24 
58339, 507042, 2950.89, 2876.11 
58340, 507043, 3250.69, 3168.31 
58341, 507044, 6280.44, 6121.29 
58374, 514064, 11535.26, 11294.9 
58505, 506883, 6506.36, 6370.79 
58529, 507022, 4706.67, 4587.4 
58631, 507023, 4790.83, 4628.82 
58804, 506985, 18559.17, 18177.44 
58805, 506983, 18630.69, 18247.49 
58806, 506984, 19396.37, 18997.42 
58807, 506998, 5740.69, 5595.21 
58868, 506884, 3025.55, 2962.51 
58881, 506899, 2909.86, 2849.23 
58882, 506902, 9588.26, 9388.47 
58887, 506894, 8439.70, 8263.84 
58888, 506905, 10540.88, 10321.24 
58889, 506903, 7914.83, 7749.91 
58890, 506904, 9108.71, 8918.91 
58891, 506900, 6258.33, 6127.93 
58892, 506901, 11850.65, 11603.72 
58894, 506895, 14319.72, 14021.34 
58921, 506897, 7420.78, 7266.16 
58922, 506896, 4306.13, 4216.4 
58961, 506891, 14048.84, 13756.11 
58962, 506893, 10709.24, 10486.09 
58963, 506892, 9650.81, 9449.72 
58964, 506888, 6935.39, 6790.88 
58965, 506886, 5675.42, 5557.16 
58966, 506885, 3095.62, 3031.12 
58967, 506887, 7247.39, 7096.38 
58968, 506889, 4219.89, 4131.96 
58995, 506898, 12798.54, 12531.86 
59006, 507039, 6680.80, 6511.5 
59059, 506890, 5241.23, 5132.02 
59113, 507125, 5178.82, 5047.58 
59343, 506987, 3849.30, 3751.75 
59344, 506989, 7076.24, 6937.49 
59345, 506996, 3068.90, 2991.13 
59346, 506995, 3680.18, 3586.92 
59347, 507091, 4575.24, 4441.98 
59348, 507090, 5832.59, 5662.71 
59349, 507092, 4557.79, 4425.04 
59350, 507086, 6385.52, 6199.53 
59351, 507107, 998.76, 969.67 
59352, 507106, 1799.54, 1747.13 
59353, 507121, 1647.17, 1599.19 
59354, 507122, 3186.78, 3093.96 
59447, 506988, 12165.33, 11926.79 
59472, 511626, 917.73, 874.03 
59823, 506999, 17369.47, 17028.89 
59890, 514587, 94744.45, 87970.71 
59891, 514585, 90007.24, 83572.18 
59892, 514588, 189488.92, 175941.43 
59893, 514586, 180014.48, 167144.36 
59923, 506980, 3839.39, 3742.1 
59924, 506981, 10786.88, 10513.53 
59925, 507105, 6424.64, 6237.51 
59926, 507101, 6270.11, 6087.49 
59927, 507100, 5330.51, 5175.25 
59928, 507084, 7038.59, 6833.58 
59929, 507085, 7135.29, 6927.47 
59930, 507102, 8765.57, 8510.26 
59931, 507103, 9065.25, 8801.21 
59932, 507104, 9278.23, 9007.99 
59962, 506911, 9447.05, 9250.2 
59963, 506912, 18356.35, 17973.86 
59964, 506913, 17464.21, 17100.31 
59965, 506914, 19457.70, 19052.27 
59966, 506908, 4978.32, 4874.59 
59967, 506909, 5547.23, 5431.64 
59968, 506910, 9992.11, 9783.91 
60038, 506906, 2404.07, 2353.98 
60039, 506907, 4712.95, 4614.75 
60111, 506915, 5962.02, 5837.79 
60227, 510477, 11108.65, 10285.79 
60558, 523158, 20652.48, 20222.15 
60559, 523159, 20652.48, 20222.15 
60560, 523155, 2143.15, 2098.49 
60561, 523156, 3429.02, 3357.57 
60562, 523157, 6429.44, 6295.47 
60684, 523154, 9558.88, 9359.7 
